Location,Date,Description,Cost,Category,Account,,,,,,,
Verizon,1/1/2021,phone bill,$30.00,utilities,Zach,,Category,Type,Cost,,Type,Cost
Walmart,1/2/2021,office chair and monitor,$173.03,supplies,Zach,,alcohol,Grocery,$368.91,,Grocery,"$2,247.79"
El Jinete,1/10/2021,lunch with Brooke,$31.58,restaurant,Melanie,,bread,Grocery,$106.62,,misc,$195.96
El Jinete,1/10/2021,tip,$8.42,restaurant,Melanie,,breakfast,Grocery,$279.53,,restaurant,"$1,329.11"
Allens,1/12/2021,shared dinner with family,$52.59,restaurant,Melanie,,canned,Grocery,$44.43,,improvement,$96.84
Walmart,1/18/2021,black beans 16oz,$2.22,canned,Zach,,condiments,Grocery,$206.59,,clothes,$351.82
Walmart,1/18/2021,tortilla chips 16oz,$2.98,snacks,Zach,,dairy,Grocery,$491.24,,supplies,$239.51
Walmart,1/18/2021,penne pasta 16oz,$0.78,pasta,Zach,,grains,Grocery,$10.96,,transportation,$932.89
Walmart,1/18/2021,bean soup mix 20oz,$2.24,canned,Zach,,hygiene,Grocery,$214.31,,entertainment,"$2,363.81"
Walmart,1/18/2021,peanut butter 40oz,$2.74,condiments,Zach,,meat,Grocery,$28.61,,business,$0.00
Walmart,1/18/2021,brown rice 16oz,$0.70,grains,Zach,,pasta,Grocery,$15.59,,utilities,$360.00
Walmart,1/18/2021,red beans 16oz ,$0.97,canned,Zach,,produce,Grocery,$219.85,,rent,$0.00
Walmart,1/18/2021,detergent 92 fl oz ,$6.94,hygiene,Zach,,snacks,Grocery,$171.13,,health,$527.48
Walmart,1/18/2021,swiss miss hit cocoa mix 45.68oz,$5.43,snacks,Zach,,grocery,Grocery,$90.02,,education,"$10,745.00"
Walmart,1/18/2021,arugula and spinach 5oz ,$1.96,produce,Zach,,,,,,Total (No Education),"$8,645.21"
Walmart,1/18/2021,ruffles 8.5oz ,$2.98,snacks,Zach,,,,,,Total With Education,"$19,390.21"
Walmart,1/18/2021,salsa 24oz ,$0.98,condiments,Zach,,,,,,,
Walmart,1/18/2021,cream cheese 8oz,$1.53,dairy,Zach,,Zach,"$10,920.90",,,,
Walmart,1/18/2021,cheddar cheese Cabot seriouslt sharp 8oz,$2.76,dairy,Zach,,Melanie,"$8,396.63",,,,
Walmart,1/18/2021,Jam 32oz ,$3.28,condiments,Zach,,,,,,,
Walmart,1/18/2021,Pancake mix 32oz ,$1.68,breakfast,Zach,,,,,,,
Walmart,1/18/2021,fettuccine pasta 16oz,$0.78,pasta,Zach,,,,,,,
Walmart,1/18/2021,bagels cinnamon raisin 6count,$3.24,breakfast,Zach,,,,,,,
Walmart,1/18/2021,bread honey wheat 20oz ,$2.78,bread,Zach,,,,,,,
Walmart,1/18/2021,act 2 popcorn extreme butter 2.75oz 12 count ,$3.98,snacks,Zach,,,,,,,
Walmart,1/18/2021,eggs 18 count ,$0.86,produce,Zach,,,,,,,
Walmart,1/18/2021,almond milk 1.89 l,$2.56,dairy,Zach,,,,,,,
Walmart,1/18/2021,white rice 10 lbs,$4.32,grains,Zach,,,,,,,
Walmart,1/18/2021,alfredo sauce 15oz ,$2.00,condiments,Zach,,,,,,,
Walmart,1/18/2021,raisin bran 39oz ,$4.67,breakfast,Zach,,,,,,,
Walmart,1/18/2021,rotel 10oz can 4 count ,$3.92,canned,Zach,,,,,,,
Walmart,1/18/2021,tax,$1.95,misc,Zach,,,,,,,
Sheetz,1/18/2021,gas,$34.06,transportation,Melanie,,,,,,,
VCU Health,1/20/2021,orthopedics consultation,$40.00,health,Zach,,,,,,,
VCU Health,1/27/2021,orthopedics consultation,$40.00,health,Zach,,,,,,,
Verizon,2/1/2021,phone bill,$30.00,utilities,Zach,,,,,,,
Walmart ,2/3/2021,tortillas 20 count,$4.56,bread,Zach,,,,,,,
Walmart ,2/3/2021,almond milk,$2.56,dairy,Zach,,,,,,,
Walmart,2/3/2021,melt n dip,$4.14,dairy,Zach,,,,,,,
Walmart ,2/3/2021,cabot seriously sharp cheddar,$2.76,dairy,Zach,,,,,,,
Walmart,2/3/2021,tortilla chips ,$2.98,snacks,Zach,,,,,,,
Walmart ,2/3/2021,great value yellow mustard,$1.84,condiments,Zach,,,,,,,
Walmart,2/3/2021,syrup,$1.33,condiments,Zach,,,,,,,
Walmart ,2/3/2021,tortillas 10 count,$4.56,bread,Zach,,,,,,,
Walmart,2/3/2021,bagels everything 6 count,$3.24,breakfast,Zach,,,,,,,
Walmart ,2/3/2021,bagels cinnamon raisin 6count,$3.24,breakfast,Zach,,,,,,,
Walmart,2/3/2021,honey wheat bread,$2.78,bread,Zach,,,,,,,
Walmart ,2/3/2021,cream cheese 8oz,$1.53,dairy,Zach,,,,,,,
Walmart,2/3/2021,honey nut cheerios,$3.64,breakfast,Zach,,,,,,,
Walmart ,2/3/2021,sweet and tangy french dressing,$2.76,condiments,Zach,,,,,,,
Walmart,2/3/2021,medium roast coffee,$6.18,breakfast,Zach,,,,,,,
Walmart ,2/3/2021,ice cream cookies and cream,$1.97,dairy,Zach,,,,,,,
Walmart ,2/3/2021,lotion Mel's,$11.67,hygiene,Zach,,,,,,,
Walmart ,2/3/2021,tax,$1.95,misc,Zach,,,,,,,
Sheetz,2/3/2021,gas,$28.76,transportation,Melanie,,,,,,,
Aldi,2/10/2021,crackers,$2.85,snacks,Zach,,,,,,,
Aldi,2/10/2021,honey,$3.15,condiments,Zach,,,,,,,
Aldi,2/10/2021,whole almonds,$4.59,produce,Zach,,,,,,,
Aldi,2/10/2021,apricot marmalade,$1.69,condiments,Zach,,,,,,,
Aldi,2/10/2021,Dried cranberries,$2.55,produce,Zach,,,,,,,
Aldi,2/10/2021,Medium salsa,$0.95,condiments,Zach,,,,,,,
Aldi,2/10/2021,arugula and spinach,$1.89,produce,Zach,,,,,,,
Aldi,2/10/2021,white cheddar,$2.65,dairy,Zach,,,,,,,
Aldi,2/10/2021,brie,$2.99,dairy,Zach,,,,,,,
Aldi,2/10/2021,honey goat cheese log,$1.99,dairy,Zach,,,,,,,
Aldi,2/10/2021,honey goat cheese log,$1.99,dairy,Zach,,,,,,,
Aldi,2/10/2021,camembert,$3.49,dairy,Zach,,,,,,,
Aldi,2/10/2021,brut sparkling wine,$4.99,alcohol,Zach,,,,,,,
Aldi,2/10/2021,milk gallon whole,$2.62,dairy,Zach,,,,,,,
Aldi,2/10/2021,tax,$0.30,misc,Zach,,,,,,,
Aldi,2/10/2021,tax,$0.84,misc,Zach,,,,,,,
CVS,2/10/2021,ear wax remover,$29.49,hygiene,Zach,,,,,,,
CVS,2/10/2021,ear wax drops,$7.29,hygiene,Zach,,,,,,,
CVS,2/10/2021,tax,$1.77,misc,Zach,,,,,,,
Sheetz,2/20/2021,gas,$32.07,transportation,Melanie,,,,,,,
Walmart ,2/24/2021,brown sugar,$1.54,condiments,Zach,,,,,,,
Walmart,2/24/2021,arugula and spinach,$1.96,produce,Zach,,,,,,,
Walmart ,2/24/2021,burger buns,$2.78,bread,Zach,,,,,,,
Walmart,2/24/2021,bagels blueberry,$3.24,breakfast,Zach,,,,,,,
Walmart ,2/24/2021,bagels everything,$3.24,breakfast,Zach,,,,,,,
Walmart,2/24/2021,tortilla chips ,$2.98,snacks,Zach,,,,,,,
Walmart ,2/24/2021,coffee creamer,$3.48,dairy,Zach,,,,,,,
Walmart,2/24/2021,eggs,$1.71,produce,Zach,,,,,,,
Walmart ,2/24/2021,parmesan,$2.36,dairy,Zach,,,,,,,
Walmart,2/24/2021,cream cheese chive and onion,$1.53,dairy,Zach,,,,,,,
Walmart ,2/24/2021,cream cheese ,$1.53,dairy,Zach,,,,,,,
Walmart,2/24/2021,muffin mix crumb cake,$2.14,breakfast,Zach,,,,,,,
Walmart ,2/24/2021,rotel canned 3,$2.94,canned,Zach,,,,,,,
Walmart,2/24/2021,black beans,$2.22,canned,Zach,,,,,,,
Walmart ,2/24/2021,quick oats,$2.46,breakfast,Zach,,,,,,,
Walmart,2/24/2021,pancake mix,$1.68,breakfast,Zach,,,,,,,
Walmart ,2/24/2021,raisin bran,$4.67,breakfast,Zach,,,,,,,
Walmart,2/24/2021,cheerios,$3.64,breakfast,Zach,,,,,,,
Walmart ,2/24/2021,pasta sauce,$3.76,condiments,Zach,,,,,,,
Walmart,2/24/2021,alfredo sauce,$5.36,condiments,Zach,,,,,,,
Walmart ,2/24/2021,rotini,$0.78,pasta,Zach,,,,,,,
Walmart,2/24/2021,spaghetti,$0.78,pasta,Zach,,,,,,,
Walmart ,2/24/2021,tax,$1.42,misc,Zach,,,,,,,
Verizon,3/1/2021,phone bill,$30.00,utilities,Zach,,,,,,,
National Student Clearinghouse,3/2/2021,VCU transcript - PDF,$8.50,education,Melanie,,,,,,,
Aldi,03/03/2021,crackers,$1.79,snacks,Melanie,,,,,,,
Aldi,03/03/2021,crackers,$1.79,snacks,Melanie,,,,,,,
Aldi,03/03/2021,sparkling wine,$4.99,alcohol,Melanie,,,,,,,
Aldi,03/03/2021,bellini,$5.99,alcohol,Melanie,,,,,,,
Aldi,03/03/2021,tax,$0.66,misc,Melanie,,,,,,,
Aldi,03/03/2021,tax,$0.09,misc,Melanie,,,,,,,
Sheetz,3/11/2021,gas,$30.42,transportation,Melanie,,,,,,,
Walmart,3/16/2021,ice cream ,$1.97,dairy,Zach,,,,,,,
Walmart,3/16/2021,pasta,$0.78,pasta,Zach,,,,,,,
Walmart,3/16/2021,pasta,$0.78,pasta,Zach,,,,,,,
Walmart,3/16/2021,ruffles,$2.98,snacks,Zach,,,,,,,
Walmart,3/16/2021,tortilla chips,$2.98,snacks,Zach,,,,,,,
Walmart,3/16/2021,salsa,$0.98,condiments,Zach,,,,,,,
Walmart,3/16/2021,bagels,$3.24,breakfast,Zach,,,,,,,
Walmart,3/16/2021,bagels,$3.24,breakfast,Zach,,,,,,,
Walmart,3/16/2021,eggs,$1.71,produce,Zach,,,,,,,
Walmart,3/16/2021,mozzarella cheese,$12.77,dairy,Zach,,,,,,,
Walmart,3/16/2021,cream cheese,$1.53,dairy,Zach,,,,,,,
Walmart,3/16/2021,cream cheese,$1.53,dairy,Zach,,,,,,,
Walmart,3/16/2021,cheddar cheese cabot,$2.76,dairy,Zach,,,,,,,
Walmart,3/16/2021,melt and dip,$4.14,dairy,Zach,,,,,,,
Walmart,3/16/2021,chili sauce mae ploy,$1.96,condiments,Zach,,,,,,,
Walmart,3/16/2021,pasta sauce,$4.28,condiments,Zach,,,,,,,
Walmart,3/16/2021,dried beans 15 hambean soup,$2.24,canned,Zach,,,,,,,
Walmart,3/16/2021,cheerios,$3.64,breakfast,Zach,,,,,,,
Walmart,3/16/2021,raisin bran,$4.67,breakfast,Zach,,,,,,,
Walmart,3/16/2021,bread,$0.98,bread,Zach,,,,,,,
Walmart,3/16/2021,tax,$1.47,misc,Zach,,,,,,,
Walmart,3/16/2021,prescription fill for family,$10.00,grocery,Zach,,,,,,,
National Student Clearinghouse,3/17/2021,VCU transcript - UIS,$8.50,education,Melanie,,,,,,,
ASU,3/17/2021,ASU app fee,$70.00,education,Melanie,,,,,,,
UT Austin,3/17/2021,UT Austin app fee,$65.00,education,Melanie,,,,,,,
MeUndies,3/25/2021,plants in pots; 40% off,$31.80,clothes,Melanie,,,,,,,
Three Crosses Distillery,3/28/2021,drinks with Brooke,$22.90,alcohol,Melanie,,,,,,,
Vanilla and Bourbon,3/28/2021,cake honey bourbon,$5.00,restaurant,Zach,,,,,,,
Sheetz,3/28/2021,gas,$30.75,transportation,Zach,,,,,,,
Walmart,3/31/2021,dish soap,$1.87,grocery,Zach,,,,,,,
Walmart,3/31/2021,corn,$1.44,canned,Zach,,,,,,,
Walmart,3/31/2021,popcorn,$3.98,snacks,Zach,,,,,,,
Walmart,3/31/2021,coffee,$6.18,breakfast,Zach,,,,,,,
Walmart,3/31/2021,tortillas,$2.28,bread,Zach,,,,,,,
Walmart,3/31/2021,tortillas,$4.88,bread,Zach,,,,,,,
Walmart,3/31/2021,bagels,$3.24,breakfast,Zach,,,,,,,
Walmart,3/31/2021,milk,$2.56,dairy,Zach,,,,,,,
Walmart,3/31/2021,ricotta,$3.44,dairy,Zach,,,,,,,
Walmart,3/31/2021,melt and dip,$4.14,dairy,Zach,,,,,,,
Walmart,3/31/2021,bean soup,$2.24,canned,Zach,,,,,,,
Walmart,3/31/2021,mustard,$0.46,condiments,Zach,,,,,,,
Walmart,3/31/2021,rotel,$3.92,canned,Zach,,,,,,,
Walmart,3/31/2021,oats,$3.12,breakfast,Zach,,,,,,,
Walmart,3/31/2021,salsa,$0.98,condiments,Zach,,,,,,,
Walmart,3/31/2021,cheddar cheese cabot,$2.76,dairy,Zach,,,,,,,
Walmart,3/31/2021,cream cheese,$1.53,dairy,Zach,,,,,,,
Walmart,3/31/2021,bagels,$3.24,breakfast,Zach,,,,,,,
Walmart,3/31/2021,tortilla chips,$2.98,snacks,Zach,,,,,,,
Walmart,3/31/2021,tax,$1.43,misc,Zach,,,,,,,
Verizon,4/1/2021,phone bill,$30.00,utilities,Zach,,,,,,,
Rituals,4/3/2021,tip,$10.00,improvement,Melanie,,,,,,,
Kroger,4/3/2021,raclette,$8.82,dairy,Zach,,,,,,,
Kroger,4/3/2021,gruyere,$7.89,dairy,Zach,,,,,,,
Kroger,4/3/2021,mustard,$3.99,condiments,Zach,,,,,,,
Kroger,4/3/2021,asiago,$7.69,dairy,Zach,,,,,,,
Kroger,4/3/2021,brie,$7.19,dairy,Zach,,,,,,,
Kroger,4/3/2021,honey mustard,$3.99,condiments,Zach,,,,,,,
Kroger,4/3/2021,tax,$0.99,misc,Zach,,,,,,,
Aldi,4/3/2021,cheese spread,$2.99,dairy,Zach,,,,,,,
Aldi,4/3/2021,cheese spread,$2.99,dairy,Zach,,,,,,,
Aldi,4/3/2021,bubbly,$4.99,alcohol,Zach,,,,,,,
Aldi,4/3/2021,wine,$2.95,alcohol,Zach,,,,,,,
Aldi,4/3/2021,crackers,$2.85,snacks,Zach,,,,,,,
Aldi,4/3/2021,tax,$0.48,misc,Zach,,,,,,,
Aldi,4/3/2021,tax,$0.22,misc,Zach,,,,,,,
Noodles,4/3/2021,lunch,$22.39,restaurant,Zach,,,,,,,
Sheetz,4/3/2021,gas,$12.50,transportation,Zach,,,,,,,
New York State,04/08/2021,NY taxes,$53.00,misc,Melanie,,,,,,,
Walmart,4/16/2021,pita,1.53,bread,Zach,,,,,,,
Walmart,4/16/2021,bagels,1.5,breakfast,Zach,,,,,,,
Walmart,4/16/2021,granola bars,5.46,snacks,Zach,,,,,,,
Walmart,4/16/2021,shampoo,$3.64,hygiene,Zach,,,,,,,
Walmart,4/16/2021,raisins,$5.88,produce,Zach,,,,,,,
Walmart,4/16/2021,salsa,$0.98,snacks,Zach,,,,,,,
Walmart,4/16/2021,tortilla chips,$2.98,snacks,Zach,,,,,,,
Walmart,4/16/2021,bread,$2.78,bread,Zach,,,,,,,
Walmart,4/16/2021,bagels,$3.24,breakfast,Zach,,,,,,,
Walmart,4/16/2021,coffee creamer,$3.48,dairy,Zach,,,,,,,
Walmart,4/16/2021,milk,$2.56,dairy,Zach,,,,,,,
Walmart,4/16/2021,parmesan,$2.36,dairy,Zach,,,,,,,
Walmart,4/16/2021,marinara,$4.28,condiments,Zach,,,,,,,
Walmart,4/16/2021,alfredo,$2.00,condiments,Zach,,,,,,,
Walmart,4/16/2021,marinara,$3.76,condiments,Zach,,,,,,,
Walmart,4/16/2021,rotini,$0.78,pasta,Zach,,,,,,,
Walmart,4/16/2021,tax,$1.31,misc,Zach,,,,,,,
ABC,4/17/2021,alcohol,$26.48,alcohol,Zach,,,,,,,
Sheetz,4/23/2021,gas,$37.99,transportation,Melanie,,,,,,,
MeUndies,04/25/2021,bee undies,$31.80,clothes,Melanie,,,,,,,
Walmart,4/30/2021,mascara,6.97,hygiene,Zach,,,,,,,
Walmart,4/30/2021,brown sugar,$1.54,condiments,Zach,,,,,,,
Walmart,4/30/2021,raisins,$2.94,produce,Zach,,,,,,,
Walmart,4/30/2021,tortilla chips,$2.98,snacks,Zach,,,,,,,
Walmart,4/30/2021,bagels,$3.24,breakfast,Zach,,,,,,,
Walmart,4/30/2021,milk,$2.56,dairy,Zach,,,,,,,
Walmart,4/30/2021,cream cheese,$1.53,dairy,Zach,,,,,,,
Walmart,4/30/2021,cream cheese,$1.53,dairy,Zach,,,,,,,
Walmart,4/30/2021,black beans,$2.22,canned,Zach,,,,,,,
Walmart,4/30/2021,corn,$1.44,canned,Zach,,,,,,,
Walmart,4/30/2021,cap'n crunch,$2.74,breakfast,Zach,,,,,,,
Walmart,4/30/2021,oats,$1.56,breakfast,Zach,,,,,,,
Walmart,4/30/2021,raisin bran,$4.67,breakfast,Zach,,,,,,,
Walmart,4/30/2021,cheerios,$3.64,breakfast,Zach,,,,,,,
Walmart,4/30/2021,marinara,1.88,condiments,Zach,,,,,,,
Walmart,4/30/2021,peanuts,$1.98,snacks,Zach,,,,,,,
Walmart,4/30/2021,tax,$1.33,misc,Zach,,,,,,,
Verizon,5/1/2021,phone bill,$30.00,utilities,Zach,,,,,,,
Venmo,5/6/2021,dinner with Chey,$24.00,restaurant,Melanie,,,,,,,
Walmart,5/7/2021,tomatoes,$1.00,produce,Zach,,,,,,,
Walmart,5/7/2021,oats,$2.46,breakfast,Zach,,,,,,,
Walmart,5/7/2021,bread,$2.78,bread,Zach,,,,,,,
Walmart,5/7/2021,raisins,$2.94,produce,Zach,,,,,,,
Walmart,5/7/2021,arugula,$1.96,produce,Zach,,,,,,,
Walmart,5/7/2021,spinach,$3.08,produce,Zach,,,,,,,
Walmart,5/7/2021,bell peppers,$3.12,produce,Zach,,,,,,,
Walmart,5/7/2021,marinara,$4.28,condiments,Zach,,,,,,,
Walmart,5/7/2021,mozzarella,$25.54,dairy,Zach,,,,,,,
Walmart,5/7/2021,vanilla extract,$3.66,condiments,Zach,,,,,,,
Walmart,5/7/2021,cocoa powder,$2.98,condiments,Zach,,,,,,,
Walmart,5/7/2021,tax,$1.35,misc,Zach,,,,,,,
Food Lion,5/9/2021,butter,$4.79,dairy,Melanie,,,,,,,
Food Lion,5/9/2021,cupcake liners,$1.09,grocery,Melanie,,,,,,,
Food Lion,5/9/2021,card,$5.99,entertainment,Melanie,,,,,,,
Food Lion,5/9/2021,card,$9.99,entertainment,Melanie,,,,,,,
Food Lion,5/9/2021,beer,$14.49,alcohol,Melanie,,,,,,,
Food Lion,5/9/2021,flowers,$9.99,entertainment,Melanie,,,,,,,
Food Lion,5/9/2021,flowers,$8.99,entertainment,Melanie,,,,,,,
Food Lion,5/9/2021,tax,$0.12,misc,Melanie,,,,,,,
Food Lion,5/9/2021,tax,$3.03,misc,Melanie,,,,,,,
VCU,5/11/2021,VCU transcript,$5.00,education,Melanie,,,,,,,
Sheetz ,5/12/2021,gas,$36.45,transportation,Zach,,,,,,,
Brusters,05/13/2021,ice cream,$6.56,restaurant,Melanie,,,,,,,
ABC Store,05/14/2021,rum,$17.99,alcohol,Zach,,,,,,,
ABC Store,05/14/2021,tax,$0.95,misc,Zach,,,,,,,
ABC Store,05/14/2021,tax,$0.13,misc,Zach,,,,,,,
ASU,05/18/2021,CSE 330,$59.00,education,Melanie,,,,,,,
Coldstone Creamery,05/18/2021,ice cream quart,$9.53,restaurant,Melanie,,,,,,,
CUNY SPS,5/20/2021,summer tuition and fees,"$1,562.50",education,Zach,,,,,,,
Target,5/23/2021,lotion,$3.49,hygiene,Melanie,,,,,,,
Target,5/23/2021,floss,$0.99,hygiene,Melanie,,,,,,,
Target,5/23/2021,floss,$0.99,hygiene,Melanie,,,,,,,
Target,5/23/2021,nail file,$1.29,hygiene,Melanie,,,,,,,
Target,5/23/2021,nail polish,$8.79,hygiene,Melanie,,,,,,,
Target,5/23/2021,sunscreen,$5.19,hygiene,Melanie,,,,,,,
Target,5/23/2021,sunscreen,$8.99,hygiene,Melanie,,,,,,,
Target,5/23/2021,card,$3.99,entertainment,Melanie,,,,,,,
Target,5/23/2021,card,$4.99,entertainment,Melanie,,,,,,,
Target,5/23/2021,tax,$1.47,misc,Melanie,,,,,,,
Sonic,5/23/2021,lunch,$16.25,restaurant,Melanie,,,,,,,
Fandango,5/23/2021,movie balance,$2.58,entertainment,Zach,,,,,,,
Walmart,5/25/2021,bagels,$2.48,breakfast,Melanie,,,,,,,
Walmart,5/25/2021,bread crumbs,$0.92,bread,Melanie,,,,,,,
Walmart,5/25/2021,wine,$8.98,alcohol,Melanie,,,,,,,
Walmart,5/25/2021,coffee creamer,$3.48,dairy,Melanie,,,,,,,
Walmart,5/25/2021,coffee,$6.18,breakfast,Melanie,,,,,,,
Walmart,5/25/2021,spinach and arugula,$1.96,produce,Melanie,,,,,,,
Walmart,5/25/2021,goldfish,$7.48,snacks,Melanie,,,,,,,
Walmart,5/25/2021,peanuts,$1.98,snacks,Melanie,,,,,,,
Walmart,5/25/2021,salsa,$0.98,condiments,Melanie,,,,,,,
Walmart,5/25/2021,bread,$0.98,bread,Melanie,,,,,,,
Walmart,5/25/2021,bagels,$3.24,breakfast,Melanie,,,,,,,
Walmart,5/25/2021,milk,$2.56,dairy,Melanie,,,,,,,
Walmart,5/25/2021,cheese,$2.76,dairy,Melanie,,,,,,,
Walmart,5/25/2021,cream cheese,$1.53,dairy,Melanie,,,,,,,
Walmart,5/25/2021,jam,$3.28,condiments,Melanie,,,,,,,
Walmart,5/25/2021,rotel,$3.92,canned,Melanie,,,,,,,
Walmart,5/25/2021,corn,$0.72,canned,Melanie,,,,,,,
Walmart,5/25/2021,alfredo,$2.68,condiments,Melanie,,,,,,,
Walmart,5/25/2021,pasta,$0.78,pasta,Melanie,,,,,,,
Walmart,5/25/2021,tax,$1.74,misc,Melanie,,,,,,,
Sheetz ,5/25/2021,gas,$23.50,transportation,Zach,,,,,,,
The Village Cafe,5/27/2021,dinner,$27.50,restaurant,Melanie,,,,,,,
The Village Cafe,5/27/2021,tax,$3.71,misc,Melanie,,,,,,,
The Village Cafe,5/27/2021,tip,$15.00,restaurant,Melanie,,,,,,,
VCU Parking Deck,5/27/2021,parking,$4.00,entertainment,Zach,,,,,,,
Movieland,5/27/2021,popcorn and drink,$14.50,restaurant,Melanie,,,,,,,
Noodles and Co,5/29/2021,dinner,$17.75,restaurant,Melanie,,,,,,,
Noodles and Co,5/29/2021,tax,$1.07,misc,Melanie,,,,,,,
Noodles and Co,5/29/2021,tip,$2.66,restaurant,Melanie,,,,,,,
VACU,5/30/2021,state inspection paid to mom for Lewis inspecting ,$20.00,transportation,Zach,,,,,,,
Venmo,5/30/2021,Fine creek plus tip to Sam for drinks,$15.00,alcohol,Zach,,,,,,,
Verizon,6/1/2021,phone bill,$30.00,utilities,Zach,,,,,,,
FruitFixed,6/6/2021,phone charger,$20.14,supplies,Zach,,,,,,,
Walmart,6/6/2021,rain-x water repellant,$2.97,transportation,Melanie,,,,,,,
Walmart,6/6/2021,windsheild wiper blade,$8.88,transportation,Melanie,,,,,,,
Walmart,6/6/2021,windsheild wiper blade,$8.88,transportation,Melanie,,,,,,,
Walmart,6/6/2021,pillow cases,$13.88,improvement,Melanie,,,,,,,
Walmart,6/6/2021,pillow ,$7.96,improvement,Melanie,,,,,,,
Walmart,6/6/2021,tax,$2.55,misc,Melanie,,,,,,,
Rusty Taco,6/6/2021,lunch/dinner,$24.70,restaurant,Zach,,,,,,,
Rusty Taco,6/6/2021,tax,$1.48,misc,Zach,,,,,,,
Rusty Taco,6/6/2021,tip,$4.00,restaurant,Zach,,,,,,,
Walmart,6/6/2021,bread,$0.88,bread,Zach,,,,,,,
Walmart,6/6/2021,cheerios,$4.98,breakfast,Zach,,,,,,,
Walmart,6/6/2021,milk,$2.89,dairy,Zach,,,,,,,
Walmart,6/6/2021,ice cream,$3.98,dairy,Zach,,,,,,,
Walmart,6/6/2021,strawberries,$3.18,produce,Zach,,,,,,,
Walmart,6/6/2021,tortillas,$2.58,bread,Zach,,,,,,,
Walmart,6/6/2021,tortillas,$2.28,bread,Zach,,,,,,,
Walmart,6/6/2021,tortillas,$2.28,bread,Zach,,,,,,,
Walmart,6/6/2021,tax,$0.58,misc,Zach,,,,,,,
Sassy Bee,6/12/2021,card,$3.93,entertainment,Melanie,,,,,,,
Wawa,6/13/2021,gas,$44.00,transportation,Zach,,,,,,,
Sonic,6/13/2021,lunch,$17.66,restaurant,Melanie,,,,,,,
Aldi,6/13/2021,green peppers,$2.29,produce,Melanie,,,,,,,
Aldi,6/13/2021,cheddar,$2.65,dairy,Melanie,,,,,,,
Aldi,6/13/2021,gruyere,$4.99,dairy,Melanie,,,,,,,
Aldi,6/13/2021,chips,$1.29,snacks,Melanie,,,,,,,
Aldi,6/13/2021,apples,$4.59,produce,Melanie,,,,,,,
Aldi,6/13/2021,tax,$0.40,misc,Melanie,,,,,,,
Walmart,6/13/2021,bread,$0.98,bread,Melanie,,,,,,,
Walmart,6/13/2021,cream cheese,$1.53,dairy,Melanie,,,,,,,
Walmart,6/13/2021,cream cheese,$1.53,dairy,Melanie,,,,,,,
Walmart,6/13/2021,raisins,$2.94,produce,Melanie,,,,,,,
Walmart,6/13/2021,raisins,$2.94,produce,Melanie,,,,,,,
Walmart,6/13/2021,tortilla chips,$3.12,snacks,Melanie,,,,,,,
Walmart,6/13/2021,buns,$2.78,bread,Melanie,,,,,,,
Walmart,6/13/2021,soy milk,$2.26,dairy,Melanie,,,,,,,
Walmart,6/13/2021,peanut butter,$2.74,condiments,Melanie,,,,,,,
Walmart,6/13/2021,brown rice,$0.70,grains,Melanie,,,,,,,
Walmart,6/13/2021,brown rice,$0.70,grains,Melanie,,,,,,,
Walmart,6/13/2021,black beans,$2.22,canned,Melanie,,,,,,,
Walmart,6/13/2021,muffin mix,$2.98,breakfast,Melanie,,,,,,,
Walmart,6/13/2021,muffin mix,$2.14,breakfast,Melanie,,,,,,,
Walmart,6/13/2021,corn,$0.72,canned,Melanie,,,,,,,
Walmart,6/13/2021,corn,$0.72,canned,Melanie,,,,,,,
Walmart,6/13/2021,pancake mix,$1.68,breakfast,Melanie,,,,,,,
Walmart,6/13/2021,raisin bran,$4.67,breakfast,Melanie,,,,,,,
Walmart,6/13/2021,rotini,$0.78,pasta,Melanie,,,,,,,
Walmart,6/13/2021,almond milk,$2.74,dairy,Melanie,,,,,,,
Walmart,6/13/2021,tax,$1.01,misc,Melanie,,,,,,,
ASU,6/15/2021,CSE 340,$59.00,education,Melanie,,,,,,,
American Eagle,6/16/2021,shorts,34.95,clothes,Melanie,,,,,,,
American Eagle,6/16/2021,shorts,$17.47,clothes,Melanie,,,,,,,
American Eagle,6/16/2021,shorts,$39.95,clothes,Melanie,,,,,,,
American Eagle,6/16/2021,tax,$5.54,misc,Melanie,,,,,,,
American Eagle,6/16/2021,return - shorts,-34.95,clothes,Melanie,,,,,,,
American Eagle,6/16/2021,return - tax,-2.1,misc,Melanie,,,,,,,
Food Lion,6/20/2021,father's day brownies and ice cream gifted to Eric Riley,$11.95,entertainment,Zach,,,,,,,
Expedia,6/24/21,Wyndham Pittsburgh University Center,249.98,entertainment,Zach,,,,,,,
Expedia,6/24/21,Hilton Garden Inn Madison Downtown,507.51,entertainment,Zach,,,,,,,
Wollersheim,6/24/21,wine tasting,$55.76,alcohol,Zach,,,,,,,
Sheetz,6/29/2021,gas,$28.75,transportation,Zach,,,,,,,
Brusters,6/29/2021,ice cream lunch,10.68,restaurant,Melanie,,,,,,,
Brusters,6/29/2021,tax,$0.64,restaurant,Melanie,,,,,,,
Sam's Club,6/29/2021,rotisserie chicken,$4.98,meat,Zach ,,,,,,,
Sam's Club,6/29/2021,rotisserie chicken,$4.98,meat,Zach,,,,,,,
Sam's Club,6/29/2021,pecans,$11.48,produce,Zach ,,,,,,,
Sam's Club,6/29/2021,pasta sauce,$6.98,condiments,Zach,,,,,,,
Sam's Club,6/29/2021,craisins,$6.68,produce,Zach ,,,,,,,
Sam's Club,6/29/2021,members mark granola,$5.48,produce,Zach,,,,,,,
Sam's Club,6/29/2021,clementines,$7.96,produce,Zach ,,,,,,,
Sam's Club,6/29/2021,BD MAT 40 OF,$11.98,grocery,Zach,,,,,,,
Sam's Club,6/29/2021,trail mix,$12.48,snacks,Zach ,,,,,,,
Sam's Club,6/29/2021,pistachios,$14.98,produce,Zach,,,,,,,
Sam's Club,6/29/2021,hummus,$3.98,snacks,Zach ,,,,,,,
Sam's Club,6/29/2021,SBUXHOUSE40F,$17.98,breakfast,Zach,,,,,,,
Sam's Club,6/29/2021,raisin bran,$7.48,breakfast,Zach ,,,,,,,
Sam's Club,6/29/2021,walnuts,$9.78,produce,Zach,,,,,,,
Sam's Club,6/29/2021,bagels plain,$5.48,breakfast,Zach ,,,,,,,
Sam's Club,6/29/2021,cheez-its,$7.28,snacks,Zach,,,,,,,
Sam's Club,6/29/2021,cheez-its,$7.28,snacks,Zach ,,,,,,,
Sam's Club,6/29/2021,sweet potatoes,$5.48,produce,Zach,,,,,,,
Sam's Club,6/29/2021,roasted peanuts,$4.28,produce,Zach ,,,,,,,
Sam's Club,6/29/2021,avocados,$4.48,produce,Zach,,,,,,,
Sam's Club,6/29/2021,tax 1,$0.60,misc,Zach ,,,,,,,
Sam's Club,6/29/2021,tax 2,$3.79,misc,Zach,,,,,,,
Sam's Club,6/29/2021,return - SBUXHOUSE40F,-$17.98,breakfast,Zach,,,,,,,
Sam's Club,6/29/2021,return - tax,-$0.45,misc,Zach,,,,,,,
Verizon,7/1/2021,phone bill,$30.00,utilities,Zach,,,,,,,
Expedia,7/1/2021,Comfort Inn,$99.68,entertainment,Melanie,,,,,,,
Expedia,7/1/2021,Quality Inn I-74 Batesville,$89.60,entertainment,Melanie,,,,,,,
Expedia,7/1/2021,Baymont by Wyndham Beckley,$79.04,entertainment,Melanie,,,,,,,
Walmart,7/4/2021,orange sherbet,$1.97,dairy,Melanie,,,,,,,
Walmart,7/4/2021,raisinets,$0.98,snacks,Melanie,,,,,,,
Walmart,7/4/2021,twizzlers,$1.98,snacks,Melanie,,,,,,,
Walmart,7/4/2021,flag decorations,$1.98,entertainment,Melanie,,,,,,,
Walmart,7/4/2021,candle,$0.98,entertainment,Melanie,,,,,,,
Walmart,7/4/2021,gummy worms,$2.48,snacks,Melanie,,,,,,,
Walmart,7/4/2021,beer,$18.48,alcohol,Melanie,,,,,,,
Walmart,7/4/2021,tax,$1.17,misc,Melanie,,,,,,,
Walmart,7/4/2021,tax,$0.23,misc,Melanie,,,,,,,
Walmart,7/9/2021,razor,$5.72,hygiene,Zach,,,,,,,
Walmart,7/9/2021,ice cream,$2.48,dairy,Zach,,,,,,,
Walmart,7/9/2021,shaving cream,$3.74,hygiene,Zach,,,,,,,
Walmart,7/9/2021,buns,$2.78,bread,Zach,,,,,,,
Walmart,7/9/2021,bread,$0.98,bread,Zach,,,,,,,
Walmart,7/9/2021,salsa,$0.98,condiments,Zach,,,,,,,
Walmart,7/9/2021,raisins,$2.94,produce,Zach,,,,,,,
Walmart,7/9/2021,raisins,$2.94,produce,Zach,,,,,,,
Walmart,7/9/2021,tortilla chips,$3.12,snacks,Zach,,,,,,,
Walmart,7/9/2021,coffee creamer,$3.48,dairy,Zach,,,,,,,
Walmart,7/9/2021,soymilk,$2.26,dairy,Zach,,,,,,,
Walmart,7/9/2021,cream cheese,$1.53,dairy,Zach,,,,,,,
Walmart,7/9/2021,cream cheese,$1.53,dairy,Zach,,,,,,,
Walmart,7/9/2021,rice,$4.54,grains,Zach,,,,,,,
Walmart,7/9/2021,alfredo,$2.68,condiments,Zach,,,,,,,
Walmart,7/9/2021,alfredo,$2.68,condiments,Zach,,,,,,,
Walmart,7/9/2021,rotini,$0.78,pasta,Zach,,,,,,,
Walmart,7/9/2021,spaghetti,$0.78,pasta,Zach,,,,,,,
Walmart,7/9/2021,tortillas,$2.58,bread,Zach,,,,,,,
Walmart,7/9/2021,tortillas,$2.28,bread,Zach,,,,,,,
Walmart,7/9/2021,makeup remover,$6.78,hygiene,Zach,,,,,,,
Walmart,7/9/2021,tax,$2.00,misc,Zach,,,,,,,
Bruster's,7/12/2021,ice cream,$10.59,dairy,Melanie,,,,,,,
CVS,7/13/2021,toothpaste,$8.59,hygiene,Melanie,,,,,,,
CVS,7/13/2021,card,$5.99,entertainment,Melanie,,,,,,,
CVS,7/13/2021,tax,$0.87,misc,Melanie,,,,,,,
Sheetz,7/14/2021,gas,$31.83,transportation,Melanie,,,,,,,
Walmart,7/18/2021,coffee,$15.98,breakfast,Melanie,,,,,,,
Walmart,7/18/2021,bagels,$3.24,breakfast,Melanie,,,,,,,
Walmart,7/18/2021,tortillas,$2.76,bread,Melanie,,,,,,,
Walmart,7/18/2021,planner,$9.97,supplies,Melanie,,,,,,,
Walmart,7/18/2021,aux cord,$7.67,supplies,Melanie,,,,,,,
Walmart,7/18/2021,speaker,$14.88,supplies,Melanie,,,,,,,
Walmart,7/18/2021,charger cable,$9.88,supplies,Melanie,,,,,,,
Walmart,7/18/2021,tax,$2.54,misc,Melanie,,,,,,,
Walmart,7/18/2021,tax,$0.55,misc,Melanie,,,,,,,
Autozone,7/18/2021,filter,$5.49,transportation,Zach,,,,,,,
Autozone,7/18/2021,oil,$19.99,transportation,Zach,,,,,,,
Autozone,7/18/2021,discount,-$2.49,transportation,Zach,,,,,,,
Autozone,7/18/2021,tax,$1.38,misc,Zach,,,,,,,
Ardent,7/25/2021,drinks,$18.89,alcohol,Zach,,,,,,,
Strangeways,7/25/2021,drinks,$10.90,alcohol,Zach,,,,,,,
Don't Look Back - Triple,7/25/2021,dinner and drinks,$71.77,restaurant,Zach,,,,,,,
Don't Look Back - Triple,7/25/2021,tip,$14.00,restaurant,Zach,,,,,,,
Circuit,7/25/2021,drinks and tokens,$16.84,entertainment,Zach,,,,,,,
Cook Out,7/25/2021,food,$16.18,restaurant,Zach,,,,,,,
Venmo,7/25/2021,Sam,-$29.00,alcohol,Zach,,,,,,,
Paypal,7/25/2021,Jarad,-$45.00,restaurant,Zach,,,,,,,
Sheetz,7/30/2021,gas,$40.01,entertainment,Zach,,,,,,,
Sheetz,7/30/2021,gas,$31.50,transportation,Melanie,,,,,,,
Verizon,8/1/2021,phone bill,$30.00,utilities,Zach,,,,,,,
The Porch,8/1/2021,dinner,$41.00,restaurant,Zach,,,,,,,
The Porch,8/1/2021,tax,$2.87,misc,Zach,,,,,,,
The Porch,8/1/2021,tip,$10.00,restaurant,Zach,,,,,,,
Pamela's,8/2/2021,breakfast,$25.50,restaurant,Zach,,,,,,,
Pamela's,8/2/2021,tax,$1.79,misc,Zach,,,,,,,
Pamela's,8/2/2021,tip,$5.10,restaurant,Zach,,,,,,,
Spirits & Tales,8/2/2021,dinner and drinks,$74.00,restaurant,Zach,,,,,,,
Spirits & Tales,8/2/2021,tax,$5.18,misc,Zach,,,,,,,
Spirits & Tales,8/2/2021,tip,$16.00,restaurant,Zach,,,,,,,
Crepes Parisiennes,8/3/2021,breakfast,$27.28,restaurant,Zach,,,,,,,
Smith Oil,8/3/2021,gas,$38.50,transportation,Melanie,,,,,,,
Expedia,8/2/2021,parking,$58.00,entertainment,Zach,,,,,,,
Marathon Petroleum,8/4/2021,gas,$34.00,transportation,Melanie,,,,,,,
Gallops,8/4/2021,peach honey wine,$7.99,alcohol,Zach,,,,,,,
Gallops,8/4/2021,blueberry moscato,$9.99,alcohol,Zach,,,,,,,
Gallops,8/4/2021,tax,$1.26,misc,Zach,,,,,,,
Lou Malnati's,8/4/2021,lunch,$20.10,restaurant,Zach,,,,,,,
Lou Malnati's,8/4/2021,tax,$2.41,misc,Zach,,,,,,,
Lou Malnati's,8/4/2021,tip,$5.00,restaurant,Zach,,,,,,,
The Free House,8/4/2021,dinner and drinks,$38.24,restaurant,Zach,,,,,,,
The Free House,8/4/2021,tax,$2.11,misc,Zach,,,,,,,
The Free House,8/4/2021,tip,$10.00,restaurant,Zach,,,,,,,
Grace Coffee,8/5/2021,coffee and croissant,$12.05,restaurant,Melanie,,,,,,,
Grace Coffee,8/5/2021,tax,$0.66,misc,Melanie,,,,,,,
Grace Coffee,8/5/2021,tip,$2.29,restaurant,Melanie,,,,,,,
National Mustard Museum,8/5/2021,mustard (4),$35.65,condiments,Melanie,,,,,,,
The Regal Find,8/5/2021,cow magnet,$8.00,entertainment,Melanie,,,,,,,
The Regal Find,8/5/2021,earrings,$17.00,clothes,Melanie,,,,,,,
The Regal Find,8/5/2021,card,$5.00,entertainment,Melanie,,,,,,,
The Regal Find,8/5/2021,card,$5.00,entertainment,Melanie,,,,,,,
The Regal Find,8/5/2021,card,$4.50,entertainment,Melanie,,,,,,,
The Regal Find,8/5/2021,tax,$1.98,misc,Melanie,,,,,,,
The Regal Find,8/5/2021,tax,$0.21,misc,Melanie,,,,,,,
Capital Brewing,8/5/2021,beers,$19.20,restaurant,Zach,,,,,,,
Longtable,8/5/2021,dinner and drinks,$31.65,restaurant,Zach,,,,,,,
Longtable,8/5/2021,tip,$15.00,restaurant,Zach,,,,,,,
Hubbard Avenue Diner,8/6/2021,breakfast,$28.12,restaurant,Zach,,,,,,,
Hubbard Avenue Diner,8/6/2021,tip,$6.00,restaurant,Zach,,,,,,,
Cedar Grove Cheese,8/6/2021,cheese,$45.09,dairy,Melanie,,,,,,,
Springfield Kelley's,8/6/2021,gas,$32.25,transportation,Melanie,,,,,,,
Wollersheim,8/6/2021,wine (4),$59.00,alcohol,Zach,,,,,,,
Wollersheim,8/6/2021,tax,$3.26,misc,Zach,,,,,,,
Wollersheim,8/6/2021,drinks,$25.33,alcohol,Zach,,,,,,,
World of Beer,8/6/2021,dinner and drinks,$46.95,restaurant,Zach,,,,,,,
World of Beer,8/6/2021,tip,$10.00,restaurant,Zach,,,,,,,
Courtyard by Marriott,8/7/2021,coffee,$4.11,restaurant,Zach,,,,,,,
Courtyard by Marriott,8/7/2021,tip,$2.00,restaurant,Zach,,,,,,,
Q Jewels,8/7/2021,earrings,$22.00,entertainment,Melanie,,,,,,,
Little Luxuries,8/7/2021,card,$5.50,entertainment,Melanie,,,,,,,
Little Luxuries,8/7/2021,tax,$0.30,misc,Melanie,,,,,,,
Anthology,8/7/2021,cards,$15.30,entertainment,Melanie,,,,,,,
State Street Brats,8/7/2021,Lunch,$45.00,restaurant,Zach,,,,,,,
State Street Brats,8/7/2021,tax,$1.38,misc,Zach,,,,,,,
State Street Brats,8/7/2021,tip,$8.79,misc,Zach,,,,,,,
Kosharie,8/7/2021,dinner,$19.96,restaurant,Zach,,,,,,,
Expedia,8/8/2021,Courtyard by Marriott Madison West/Middleton,$314.41,entertainment,Zach,,,,,,,
ATM,8/8/2021,cash for Mickie's,$60.00,entertainment,Zach,,,,,,,
Chocolate Shoppe Ice Cream,8/8/2021,milkshake,$7.49,restaurant,Zach,,,,,,,
Canteen,8/8/2021,dinner and drinks,$40.00,restaurant,Zach,,,,,,,
Canteen,8/8/2021,tax,$2.20,misc,Zach,,,,,,,
Canteen,8/8/2021,tip,$8.00,restaurant,Zach,,,,,,,
Outdoor UW,8/9/2021,tandem kayak and locker (wisconsin hoofers),$16.00,entertainment,Zach,,,,,,,
WI Union Ice Cream,8/9/2021,ice cream,$4.01,restaurant,Zach,,,,,,,
The Old Fashioned,8/9/2021,dinner and drinks,$52.35,restaurant,Zach,,,,,,,
The Old Fashioned,8/9/2021,tax,$2.88,misc,Zach,,,,,,,
The Old Fashioned,8/9/2021,tip,$12.00,restaurant,Zach,,,,,,,
Fromagination,8/10/2021,cheese(s),$100.02,dairy,Melanie,,,,,,,
Madison Parking,8/10/2021,parking,$1.75,transportation,Zach,,,,,,,
Barriques,8/10/2021,breakfast,$15.40,restaurant,Zach,,,,,,,
Mystery to Me,8/10/2021,books,$78.02,entertainment,Melanie,,,,,,,
Madison Parking,8/10/2021,parking,$2.75,transportation,Zach,,,,,,,
Pizza Brutta,8/10/2021,pizza,$16.39,restaurant,Zach,,,,,,,
Hilton Garden Inn,8/11/2021,parking and drinks,$71.48,entertainment,Zach,,,,,,,
Speedway,8/11/2021,gas,$44.00,transportation,Zach,,,,,,,
Fujiyama,8/11/2021,dinner and drinks,$54.45,restaurant,Zach,,,,,,,
Fujiyama,8/11/2021,tax,$3.81,misc,Zach,,,,,,,
Fujiyama,8/11/2021,tip,$10.89,restaurant,Zach,,,,,,,
Shell,8/11/2021,gas,$25.01,transportation,Zach,,,,,,,
Chocolate Moose,8/12/2021,coffee and smoothie,$11.09,restaurant,Zach,,,,,,,
Cracker Barrel,8/12/2021,lunch,$23.76,restaurant,Zach,,,,,,,
Cracker Barrel,8/12/2021,tax,$1.43,misc,Zach,,,,,,,
Cracker Barrel,8/12/2021,tip,$5.00,restaurant,Zach,,,,,,,
Cracker Barrel,8/12/2021,towel,$3.50,entertainment,Melanie,,,,,,,
Cracker Barrel,8/12/2021,tax,$0.21,misc,Melanie,,,,,,,
Walmart,8/15/2021,tortilla chips,$3.12,snacks,Zach,,,,,,,
Walmart,8/15/2021,parmesan,$4.98,dairy,Zach,,,,,,,
Walmart,8/15/2021,oregano,$0.98,condiments,Zach,,,,,,,
Walmart,8/15/2021,bread,$0.98,bread,Zach,,,,,,,
Walmart,8/15/2021,paprika,$0.98,condiments,Zach,,,,,,,
Walmart,8/15/2021,onion powder,$0.98,condiments,Zach,,,,,,,
Walmart,8/15/2021,garlic powder,$0.98,condiments,Zach,,,,,,,
Walmart,8/15/2021,orange juice,$1.64,breakfast,Zach,,,,,,,
Walmart,8/15/2021,bagels,$3.24,breakfast,Zach,,,,,,,
Walmart,8/15/2021,bagels,$3.24,breakfast,Zach,,,,,,,
Walmart,8/15/2021,raisins,$2.94,produce,Zach,,,,,,,
Walmart,8/15/2021,salsa,$0.98,condiments,Zach,,,,,,,
Walmart,8/15/2021,soymilk,$2.26,dairy,Zach,,,,,,,
Walmart,8/15/2021,almond milk,$2.78,dairy,Zach,,,,,,,
Walmart,8/15/2021,cream cheese,$1.53,dairy,Zach,,,,,,,
Walmart,8/15/2021,cream cheese,$1.53,dairy,Zach,,,,,,,
Walmart,8/15/2021,cheerios,$4.98,breakfast,Zach,,,,,,,
Walmart,8/15/2021,popcorn,$4.44,snacks,Zach,,,,,,,
Walmart,8/15/2021,olive oil,$10.70,condiments,Zach,,,,,,,
Walmart,8/15/2021,pancake mix,$1.68,breakfast,Zach,,,,,,,
Walmart,8/15/2021,corn,$0.96,canned,Zach,,,,,,,
Walmart,8/15/2021,corn,$0.96,canned,Zach,,,,,,,
Walmart,8/15/2021,penne,$0.78,pasta,Zach,,,,,,,
Walmart,8/15/2021,alfredo,$2.68,condiments,Zach,,,,,,,
Walmart,8/15/2021,tax,$1.49,misc,Zach,,,,,,,
Sheetz,8/19/2021,gas,$34.85,transportation,Melanie,,,,,,,
CUNY SPS,8/23/2021,tuition,"$4,407.50",education,Zach,,,,,,,
ASU,8/25/2021,tuition,"$4,500.00",education,Melanie,,,,,,,
Noodles and Co,8/27/2021,dinner,$29.58,restaurant,Zach,,,,,,,
Fandango,8/27/2021,movie (free guy),$27.88,entertainment,Melanie,,,,,,,
Aldi,8/28/2021,french baguette,$1.75,bread,Melanie,,,,,,,
Aldi,8/28/2021,Granny Smith apples,$5.49,produce,Melanie,,,,,,,
Aldi,8/28/2021,Wine,$3.99,alcohol,Melanie,,,,,,,
Aldi,8/28/2021,Strawberries,$2.49,produce,Melanie,,,,,,,
Aldi,8/28/2021,Raspberries,$2.89,produce,Melanie,,,,,,,
Aldi,8/28/2021,crackers,$2.95,snacks,Melanie,,,,,,,
Aldi,8/28/2021,crackers,$1.99,snacks,Melanie,,,,,,,
Aldi,8/28/2021,Italian deli meat,$3.99,meat,Melanie,,,,,,,
Aldi,8/28/2021,tax,$0.24,misc,Melanie,,,,,,,
Aldi,8/28/2021,tax,$0.54,misc,Melanie,,,,,,,
Verizon,9/1/2021,phone bill,$30.00,utilities,Zach,,,,,,,
Sassy Bee,9/4/2021,present Chad and gwen,$11.21,entertainment,Melanie,,,,,,,
Sassy Bee,9/4/2021,tax,$0.67,misc,Melanie,,,,,,,
Walmart,9/4/2021,salsa,$0.98,condiments,Zach,,,,,,,
Walmart,9/4/2021,eggs,$1.91,produce,Zach,,,,,,,
Walmart,9/4/2021,muffin mix,$2.98,breakfast,Zach,,,,,,,
Walmart,9/4/2021,muffin mix,$2.38,breakfast,Zach,,,,,,,
Walmart,9/4/2021,hot cocoa mix,$5.84,breakfast,Zach,,,,,,,
Walmart,9/4/2021,laundry detergent,$11.97,hygiene,Zach,,,,,,,
Walmart,9/4/2021,coffee creamer,$3.48,breakfast,Zach,,,,,,,
Walmart,9/4/2021,cream cheese,$1.53,dairy,Zach,,,,,,,
Walmart,9/4/2021,cotton balls,$1.88,hygiene,Zach,,,,,,,
Walmart,9/4/2021,lotion,$11.67,hygiene,Zach,,,,,,,
Walmart,9/4/2021,bread,$0.98,bread,Zach,,,,,,,
Walmart,9/4/2021,bagels,$3.48,breakfast,Zach,,,,,,,
Walmart,9/4/2021,fettuccine,$0.78,pasta,Zach,,,,,,,
Walmart,9/4/2021,penne,$0.78,pasta,Zach,,,,,,,
Walmart,9/4/2021,rotini,$0.78,pasta,Zach,,,,,,,
Walmart,9/4/2021,black beans,$1.14,canned,Zach,,,,,,,
Walmart,9/4/2021,black beans,$1.14,canned,Zach,,,,,,,
Walmart,9/4/2021,tax,$2.22,misc,Zach,,,,,,,
Sheetz,9/5/2021,gas,$34.25,transportation,Melanie,,,,,,,
Bath and body works,9/5/2021,candle for us,$11.00,entertainment,Melanie,,,,,,,
Bath and body works,9/5/2021,tax,$0.66,misc,Melanie,,,,,,,
Noodles and Co,9/5/2021,lunch/dinner,$18.50,restaurant,Zach,,,,,,,
Noodles and Co,9/5/2021,tip,$3.92,restaurant,Zach,,,,,,,
Noodles and Co,9/5/2021,tax,$1.11,misc,Zach,,,,,,,
Target,9/5/2021,belt,$19.99,clothes,Melanie,,,,,,,
Target,9/5/2021,slippers,$21.99,clothes,Melanie,,,,,,,
Target,9/5/2021,snickers,$0.89,snacks,Melanie,,,,,,,
Target,9/5/2021,twix,$0.89,snacks,Melanie,,,,,,,
Target,9/5/2021,nail polish,$3.99,hygiene,Melanie,,,,,,,
Target,9/5/2021,dental floss,$0.99,hygiene,Melanie,,,,,,,
Target,9/5/2021,dental floss,$0.99,hygiene,Melanie,,,,,,,
Target,9/5/2021,tax,$0.04,misc,Melanie,,,,,,,
Target,9/5/2021,tax,$2.88,misc,Melanie,,,,,,,
Brusters,9/13/2021,ice cream,$5.99,restaurant,Zach,,,,,,,
Brusters,9/13/2021,tax,$0.36,misc,Zach,,,,,,,
Brusters,9/13/2021,ice cream,$3.70,restaurant,Zach,,,,,,,
Sheetz,9/16/2021,gas,$38.70,transportation,Melanie,,,,,,,
Walmart,9/17/2021,marinara sauce,$4.97,condiments,Melanie,,,,,,,
Walmart,9/17/2021,marinara sauce,$4.97,condiments,Melanie,,,,,,,
Walmart,9/17/2021,mozzarella,$15.97,dairy,Melanie,,,,,,,
Walmart,9/17/2021,tax,$0.65,misc,Melanie,,,,,,,
Kroger,9/24/2021,cupcakes,$5.49,snacks,Melanie,,,,,,,
Kroger,9/24/2021,tax,$0.14,misc,Melanie,,,,,,,
American Eagle,9/28/2021,leggings and shirt,$63.46,clothes,Melanie,,,,,,,
American Eagle,9/28/2021,return,-$15.63,clothes,Melanie,,,,,,,
Walmart,9/30/2021,oats,$1.56,breakfast,Zach,,,,,,,
Walmart,9/30/2021,bagels,$3.48,breakfast,Zach,,,,,,,
Walmart,9/30/2021,chili sauce,$1.96,condiments,Zach,,,,,,,
Walmart,9/30/2021,alfredo sauce,$2.68,condiments,Zach,,,,,,,
Walmart,9/30/2021,alfredo sauce,$2.68,condiments,Zach,,,,,,,
Walmart,9/30/2021,cheerios,$4.98,breakfast,Zach,,,,,,,
Walmart,9/30/2021,tortilla chips,$3.30,snacks,Zach,,,,,,,
Walmart,9/30/2021,tortillas,$4.88,bread,Zach,,,,,,,
Walmart,9/30/2021,tortillas,$2.28,bread,Zach,,,,,,,
Walmart,9/30/2021,bagels,$3.48,breakfast,Zach,,,,,,,
Walmart,9/30/2021,salsa,$0.98,condiments,Zach,,,,,,,
Walmart,9/30/2021,peanut butter,$2.70,condiments,Zach,,,,,,,
Walmart,9/30/2021,spaghetti,$0.78,pasta,Zach,,,,,,,
Walmart,9/30/2021,elbows,$0.78,pasta,Zach,,,,,,,
Walmart,9/30/2021,tax,$0.93,misc,Zach,,,,,,,
Verizon,10/1/2021,phone bill,$30.00,utilities,Zach,,,,,,,
MeUndies,10/1/2021,undies,$31.80,clothes,Melanie,,,,,,,
Walmart,10/3/2021,halloween candy and probably something else,$27.65,grocery,Zach,,,,,,,
Walmart,10/3/2021,unknown,$37.43,grocery,Zach,,,,,,,
Noodles and Co,10/3/2021,dinner,$10.50,restaurant,Zach,,,,,,,
Noodles and Co,10/3/2021,tax,$0.63,misc,Zach,,,,,,,
Thinx,10/7/2021,undies,$51.40,hygiene,Melanie,,,,,,,
Sheetz,10/14/2021,gas,$32.25,transportation,Melanie,,,,,,,
Walmart,10/14/2021,bread,$2.98,bread,Zach,,,,,,,
Walmart,10/14/2021,tortilla chips,$3.30,snacks,Zach,,,,,,,
Walmart,10/14/2021,black beans,$4.40,produce,Zach,,,,,,,
Walmart,10/14/2021,cream cheese,$1.50,dairy,Zach,,,,,,,
Walmart,10/14/2021,buns,$2.90,bread,Zach,,,,,,,
Walmart,10/14/2021,soymilk,$2.26,dairy,Zach,,,,,,,
Walmart,10/14/2021,bagels,$3.48,breakfast,Zach,,,,,,,
Walmart,10/14/2021,almond milk,$2.70,dairy,Zach,,,,,,,
Walmart,10/14/2021,coffee creamer,$1.80,dairy,Zach,,,,,,,
Walmart,10/14/2021,rice,$0.70,produce,Zach,,,,,,,
Walmart,10/14/2021,cream cheese,$1.50,dairy,Zach,,,,,,,
Walmart,10/14/2021,tortillas,$4.56,bread,Zach,,,,,,,
Walmart,10/14/2021,raisin bran,$4.67,breakfast,Zach,,,,,,,
Walmart,10/14/2021,eggs,$1.97,produce,Zach,,,,,,,
Walmart,10/14/2021,bagels,$3.48,breakfast,Zach,,,,,,,
Walmart,10/14/2021,taxes,$1.06,misc,Zach,,,,,,,
Walmart,10/17/2021,ice cream,$3.88,dairy,Melanie,,,,,,,
Walmart,10/17/2021,marshmallows,$1.58,snacks,Melanie,,,,,,,
Walmart,10/17/2021,bag clips,$3.94,supplies,Melanie,,,,,,,
Walmart,10/17/2021,marshmallows,$1.00,snacks,Melanie,,,,,,,
Walmart,10/17/2021,garlic powder,$0.98,condiments,Melanie,,,,,,,
Walmart,10/17/2021,italian seasoning,$0.98,condiments,Melanie,,,,,,,
Walmart,10/17/2021,onion powder,$0.98,condiments,Melanie,,,,,,,
Walmart,10/17/2021,pumpkin,$3.00,entertainment,Melanie,,,,,,,
Walmart,10/17/2021,pumpkin,$3.00,entertainment,Melanie,,,,,,,
Walmart,10/17/2021,brut,$6.98,alcohol,Melanie,,,,,,,
Walmart,10/17/2021,white zin,$2.96,alcohol,Melanie,,,,,,,
Walmart,10/17/2021,tax,$0.83,misc,Melanie,,,,,,,
Walmart,10/17/2021,tax,$0.39,misc,Melanie,,,,,,,
Dr N,10/20/2021,eye appointment,$150.00,health,Melanie,,,,,,,
Walmart,10/20/2021,card,$4.97,entertainment,Melanie,,,,,,,
Walmart,10/20/2021,card,$5.77,entertainment,Melanie,,,,,,,
Walmart,10/20/2021,tax,$0.64,misc,Melanie,,,,,,,
Aldi,10/23/2021,milk,$2.78,dairy,Melanie,,,,,,,
Aldi,10/23/2021,crackers,$2.95,snacks,Melanie,,,,,,,
Aldi,10/23/2021,goat cheese,$3.99,dairy,Melanie,,,,,,,
Aldi,10/23/2021,goat cheese,$1.99,dairy,Melanie,,,,,,,
Aldi,10/23/2021,tax,$0.29,misc,Melanie,,,,,,,
Walmart,10/26/2021,cream cheese,$1.53,dairy,Zach,,,,,,,
Walmart,10/26/2021,toothpaste,$6.92,hygiene,Zach,,,,,,,
Walmart,10/26/2021,alfredo sauce,$2.88,condiments,Zach,,,,,,,
Walmart,10/26/2021,granola bars,$7.18,snacks,Zach,,,,,,,
Walmart,10/26/2021,cream of mushroom soup,$3.76,condiments,Zach,,,,,,,
Walmart,10/26/2021,parmesan,$2.36,dairy,Zach,,,,,,,
Walmart,10/26/2021,soy sauce,$1.37,condiments,Zach,,,,,,,
Walmart,10/26/2021,corn,$1.96,canned,Zach,,,,,,,
Walmart,10/26/2021,salsa,$0.98,condiments,Zach,,,,,,,
Walmart,10/26/2021,bagels,$3.48,breakfast,Zach,,,,,,,
Walmart,10/26/2021,jam,$4.24,condiments,Zach,,,,,,,
Walmart,10/26/2021,bread,$0.98,bread,Zach,,,,,,,
Walmart,10/26/2021,tax,$1.17,misc,Zach,,,,,,,
Verizon,11/1/2021,phone bill,$30.00,utilities,Zach,,,,,,,
MeUndies,11/1/2021,undies,$26.71,clothes,Melanie,,,,,,,
Sheetz,11/2/2021,gas,$38.01,transportation,Melanie,,,,,,,
Foodlion,11/2/2021,pike place medium roast coffee,$12.79,breakfast,Melanie,,,,,,,
Foodlion,11/2/2021,tax,$0.32,misc,Melanie,,,,,,,
Christina Newman,11/4/2021,haircut + tip,$65.00,improvement,Melanie,,,,,,,
Contacts Direct,11/14/2021,contacts (12 pk),$74.99,health,Melanie,,,,,,,
Contacts Direct,11/14/2021,contacts (12 pk),$74.99,health,Melanie,,,,,,,
Contacts Direct,11/14/2021,discount,-$22.50,health,Melanie,,,,,,,
Walmart,11/18/2021,ice cream,$3.98,dairy,Zach,,,,,,,
Walmart,11/18/2021,corn,$0.98,canned,Zach,,,,,,,
Walmart,11/18/2021,corn,$0.98,canned,Zach,,,,,,,
Walmart,11/18/2021,raisins,$2.94,produce,Zach,,,,,,,
Walmart,11/18/2021,salsa,$0.98,condiments,Zach,,,,,,,
Walmart,11/18/2021,muffin mix,$2.38,breakfast,Zach,,,,,,,
Walmart,11/18/2021,bagels everything,$3.48,breakfast,Zach,,,,,,,
Walmart,11/18/2021,bagels plain,$3.48,breakfast,Zach,,,,,,,
Walmart,11/18/2021,bread,$0.98,bread,Zach,,,,,,,
Walmart,11/18/2021,flour tortillas,$2.48,bread,Zach,,,,,,,
Walmart,11/18/2021,croissants,$3.98,bread,Zach,,,,,,,
Walmart,11/18/2021,cream cheese,$2.00,dairy,Zach,,,,,,,
Walmart,11/18/2021,cream cheese,$2.00,dairy,Zach,,,,,,,
Walmart,11/18/2021,great value unsalted butter,$2.96,dairy,Zach,,,,,,,
Walmart,11/18/2021,creamer,$2.88,dairy,Zach,,,,,,,
Walmart,11/18/2021,cooking spray,$1.56,condiments,Zach,,,,,,,
Walmart,11/18/2021,oatmeal cookie mix,$2.13,snacks,Zach,,,,,,,
Walmart,11/18/2021,chopped walnuts,$6.37,produce,Zach,,,,,,,
Walmart,11/18/2021,pecan halves,$16.98,produce,Zach,,,,,,,
Walmart,11/18/2021,oats,$2.34,produce,Zach,,,,,,,
Walmart,11/18/2021,pita bread,$0.96,bread,Zach,,,,,,,
Walmart,11/18/2021,lemon pepper seasoning,$0.98,condiments,Zach,,,,,,,
Walmart,11/18/2021,eggs (36),$1.97,produce,Zach,,,,,,,
Walmart,11/18/2021,honey nut cheerios (mega) ,$4.98,breakfast,Zach,,,,,,,
Walmart,11/18/2021,dark brownie mix,$1.00,snacks,Zach,,,,,,,
Walmart,11/18/2021,chocolate chips,$1.60,snacks,Zach,,,,,,,
Walmart,11/18/2021,light brown sugar,$1.62,condiments,Zach,,,,,,,
Walmart,11/18/2021,tax,$1.97,misc,Zach,,,,,,,
Noodles and Co,11/19/2021,lunch,$24.00,restaurant,Melanie,,,,,,,
Noodles and Co,11/19/2021,tax,$1.44,restaurant,Melanie,,,,,,,
Bath and Body Works,11/19/2021,3-wick candle,$16.50,entertainment,Melanie,,,,,,,
Bath and Body Works,11/19/2021,tax,$0.99,entertainment,Melanie,,,,,,,
Yankee Candle,11/19/2021,gift candle Cindy,$13.20,entertainment,Zach,,,,,,,
Yankee Candle,11/19/2021,small candle,$1.20,entertainment,Zach,,,,,,,
Yankee Candle,11/19/2021,small candle,$1.20,entertainment,Zach,,,,,,,
Yankee Candle,11/19/2021,gift candle accessory Cindy,$18.60,entertainment,Zach,,,,,,,
Yankee Candle,11/19/2021,tax,$2.05,entertainment,Zach,,,,,,,
Francesca's,11/19/2021,gift socks Brooke,$4.80,entertainment,Melanie,,,,,,,
Francesca's,11/19/2021,gift socks Lisa,$14.00,entertainment,Melanie,,,,,,,
Francesca's,11/19/2021,tax,$1.13,entertainment,Melanie,,,,,,,
American Eagle,11/19/2021,gift sweater Lisa,$34.96,entertainment,Melanie,,,,,,,
American Eagle,11/19/2021,tax,$2.10,entertainment,Melanie,,,,,,,
Barnes and Noble,11/19/2021,birthday card,$4.99,entertainment,Zach,,,,,,,
Barnes and Noble,11/19/2021,gift cats calendar Cindy,$14.99,entertainment,Zach,,,,,,,
Barnes and Noble,11/19/2021,gift peanuts calendar Lisa,$14.99,entertainment,Zach,,,,,,,
Barnes and Noble,11/19/2021,tax,$2.10,entertainment,Zach,,,,,,,
Aldi,11/19/2021,crackers assortment,$2.95,snacks,Melanie,,,,,,,
Aldi,11/19/2021,raspberries,$2.39,produce,Melanie,,,,,,,
Aldi,11/19/2021,blueberries,$2.99,produce,Melanie,,,,,,,
Aldi,11/19/2021,arugula and spinach mix,$2.89,produce,Melanie,,,,,,,
Aldi,11/19/2021,honey goat cheese,$1.99,dairy,Melanie,,,,,,,
Aldi,11/19/2021,cabot habanero cheddar,$3.49,dairy,Melanie,,,,,,,
Aldi,11/19/2021,french baguette,$1.69,bread,Melanie,,,,,,,
Aldi,11/19/2021,tax,$0.46,misc,Melanie,,,,,,,
Sassy Bee,11/20/2021,gift golf balls Eric,$9.71,entertainment,Melanie,,,,,,,
Sassy Bee,11/20/2021,gift beanie Eric,$14.21,entertainment,Melanie,,,,,,,
Sassy Bee,11/20/2021,tax,$1.44,misc,Melanie,,,,,,,
Sassy Bee,11/27/2021,light up cups (2),$13.90,entertainment,Melanie,,,,,,,
Sassy Bee,11/27/2021,tax,$0.83,misc,Melanie,,,,,,,
Verizon,12/1/2021,phone bill,$30.00,utilities,Zach,,,,,,,
El Jinete,12/3/2021,dinner with Zach's fam,$67.59,restaurant,Melanie,,,,,,,
El Jinete,12/3/2021,tip,$14.00,restaurant,Melanie,,,,,,,
Fandango,12/4/2021,movie ticket,$15.14,entertainment,Melanie,,,,,,,
Loft,12/5/2021,tights,$8.25,clothes,Melanie,,,,,,,
Loft,12/5/2021,top,$17.25,clothes,Melanie,,,,,,,
Loft,12/5/2021,pajama shorts,$19.99,clothes,Melanie,,,,,,,
Loft,12/5/2021,pajama tank top,$19.99,clothes,Melanie,,,,,,,
Loft,12/5/2021,gift sweatshirt Lisa,$39.75,entertainment,Melanie,,,,,,,
Loft,12/5/2021,gift pajama shorts Lisa,$19.99,entertainment,Melanie,,,,,,,
Loft,12/5/2021,pajama shorts,$19.99,entertainment,Melanie,,,,,,,
Loft,12/5/2021,tax,$8.71,misc,Melanie,,,,,,,
Walmart,12/8/2021,bagels,$2.50,breakfast,Zach,,,,,,,
Walmart,12/8/2021,pasta,$0.78,pasta,Zach,,,,,,,
Walmart,12/8/2021,tortillas,$2.49,bread,Zach,,,,,,,
Walmart,12/8/2021,tortillas,$2.49,bread,Zach,,,,,,,
Walmart,12/8/2021,marinara sauce,$2.00,condiments,Zach,,,,,,,
Walmart,12/8/2021,bagels,$3.48,breakfast,Zach,,,,,,,
Walmart,12/8/2021,oats,$1.76,breakfast,Zach,,,,,,,
Walmart,12/8/2021,pasta,$0.78,pasta,Zach,,,,,,,
Walmart,12/8/2021,raisin bran,$4.67,breakfast,Zach,,,,,,,
Walmart,12/8/2021,cheddar,$3.12,dairy,Zach,,,,,,,
Walmart,12/8/2021,cheddar,$9.64,dairy,Zach,,,,,,,
Walmart,12/8/2021,shampoo,$3.94,hygiene,Zach,,,,,,,
Walmart,12/8/2021,tortilla chips,$3.33,snacks,Zach,,,,,,,
Walmart,12/8/2021,almond milk,$2.74,dairy,Zach,,,,,,,
Walmart,12/8/2021,soy milk,$2.26,dairy,Zach,,,,,,,
Walmart,12/8/2021,cream cheese,$1.96,dairy,Zach,,,,,,,
Walmart,12/8/2021,bread,$2.98,bread,Zach,,,,,,,
Walmart,12/8/2021,tortillas,$2.48,bread,Zach,,,,,,,
Walmart,12/8/2021,bagels,$3.48,breakfast,Zach,,,,,,,
Walmart,12/8/2021,salsa,$0.98,condiments,Zach,,,,,,,
Walmart,12/8/2021,tax,$1.57,misc,Zach,,,,,,,
Sheetz,12/8/2021,gas,$35.33,transportation,Melanie,,,,,,,
Aldi,12/9/2021,wine,$2.95,alcohol,Melanie,,,,,,,
Aldi,12/9/2021,bubbly,$4.99,alcohol,Melanie,,,,,,,
Aldi,12/9/2021,tax,$0.48,misc,Melanie,,,,,,,
Walmart,12/10/2021,bread,$0.88,bread,Zach,,,,,,,
Walmart,12/10/2021,bread,$0.88,bread,Zach,,,,,,,
Walmart,12/10/2021,potatoes,$2.97,produce,Zach,,,,,,,
Walmart,12/10/2021,gift ramen Eric,$2.84,entertainment,Zach,,,,,,,
Walmart,12/10/2021,ramen,$2.84,snacks,Zach,,,,,,,
Walmart,12/10/2021,garlic powder,$0.98,condiments,Zach,,,,,,,
Walmart,12/10/2021,onion powder,$0.98,condiments,Zach,,,,,,,
Walmart,12/10/2021,ramen,$2.84,snacks,Zach,,,,,,,
Walmart,12/10/2021,mushrooms,$1.98,produce,Zach,,,,,,,
Walmart,12/10/2021,pepperoni,$7.68,meat,Zach,,,,,,,
Walmart,12/10/2021,turkey bacon,$2.48,meat,Zach,,,,,,,
Walmart,12/10/2021,sour cream,$2.88,dairy,Zach,,,,,,,
Walmart,12/10/2021,mozzarella,$15.97,dairy,Zach,,,,,,,
Walmart,12/10/2021,sauce,$1.28,condiments,Zach,,,,,,,
Walmart,12/10/2021,sauce,$1.28,condiments,Zach,,,,,,,
Walmart,12/10/2021,bagels,$1.76,breakfast,Zach,,,,,,,
Walmart,12/10/2021,french bread,$0.70,bread,Zach,,,,,,,
Walmart,12/10/2021,alfredo,$1.50,condiments,Zach,,,,,,,
Walmart,12/10/2021,alfredo,$1.50,condiments,Zach,,,,,,,
Walmart,12/10/2021,christmas tree cakes,$2.00,snacks,Zach,,,,,,,
Walmart,12/10/2021,snack cakes,$2.00,snacks,Zach,,,,,,,
Walmart,12/10/2021,tomatoes,$2.35,produce,Zach,,,,,,,
Walmart,12/10/2021,bell peppers,$1.64,produce,Zach,,,,,,,
Walmart,12/10/2021,miller lite,$15.98,alcohol,Zach,,,,,,,
Walmart,12/10/2021,tax,$0.96,misc,Zach,,,,,,,
Walmart,12/10/2021,tax,$1.56,misc,Zach,,,,,,,
Warby Parker,12/13/2021,glasses,$95.00,health,Melanie,,,,,,,
Warby Parker,12/13/2021,blue light filtering,$50.00,health,Melanie,,,,,,,
Talbots,12/13/2021,gift sweater Connie,$48.33,entertainment,Melanie,,,,,,,
Talbots,12/13/2021,gift sweater Connie,$52.92,entertainment,Melanie,,,,,,,
Talbots,12/13/2021,gift socks Connie,$6.75,entertainment,Melanie,,,,,,,
Talbots,12/13/2021,tax,$5.72,misc,Melanie,,,,,,,
Talbots,12/13/2021,gift merchandise credit Connie,-$37.09,entertainment,Melanie,,,,,,,
Pottery Barn,12/13/2021,gift mouse ornament Lisa,$6.50,entertainment,Melanie,,,,,,,
Pottery Barn,12/13/2021,gift penguins ornament Lisa,$10.00,entertainment,Melanie,,,,,,,
Pottery Barn,12/13/2021,gift sheep ornament Lisa,$6.50,entertainment,Melanie,,,,,,,
Pottery Barn,12/13/2021,gift coasters George,$19.00,entertainment,Melanie,,,,,,,
Pottery Barn,12/13/2021,tax,$2.52,misc,Melanie,,,,,,,
Sassy Bee,12/14/2021,gift golf cup George,$23.96,entertainment,Melanie,,,,,,,
Sassy Bee,12/14/2021,tax,$1.44,misc,Melanie,,,,,,,
Midlothian Family Practice,12/14/2021,doctor's visit,$25.00,health,Zach,,,,,,,
Walmart,12/14/2021,oven mitt glove Cindy,$12.48,entertainment,Zach,,,,,,,
Walmart,12/14/2021,tax,$0.75,misc,Zach,,,,,,,
Noodles and Co,12/16/2021,dinner,$6.15,restaurant,Melanie,,,,,,,
Sheetz,12/17/2021,gas,$32.69,transportation,Melanie,,,,,,,
The Sassy Bee,12/22/2021,gifts (sterling/kimberly/babyG),$12.71,entertainment,Melanie,,,,,,,
The Sassy Bee,12/22/2021,gifts (sterling/kimberly/babyG),$6.71,entertainment,Melanie,,,,,,,
The Sassy Bee,12/22/2021,tax,$1.17,entertainment,Melanie,,,,,,,
Aldi,12/23/2021,wine,$8.99,alcohol,Zach,,,,,,,
Aldi,12/23/2021,wine,$9.99,alcohol,Zach,,,,,,,
Aldi,12/23/2021,turkey bacon,$2.25,meat,Zach,,,,,,,
Aldi,12/23/2021,turkey bacon,$2.25,meat,Zach,,,,,,,
Aldi,12/23/2021,blueberries,$2.39,produce,Zach,,,,,,,
Aldi,12/23/2021,hawaiian sweet rolls,$1.35,bread,Zach,,,,,,,
Aldi,12/23/2021,hawaiian sweet rolls,$1.35,bread,Zach,,,,,,,
Aldi,12/23/2021,cucumber,$1.39,produce,Zach,,,,,,,
Aldi,12/23/2021,cucumber,$1.39,produce,Zach,,,,,,,
Aldi,12/23/2021,green bell peppers,$2.19,produce,Zach,,,,,,,
Aldi,12/23/2021,raspberries,$2.19,produce,Zach,,,,,,,
Aldi,12/23/2021,broccoli,$2.89,produce,Zach,,,,,,,
Aldi,12/23/2021,broccoli,$2.89,produce,Zach,,,,,,,
Aldi,12/23/2021,cherry tomatoes,$1.39,produce,Zach,,,,,,,
Aldi,12/23/2021,tax,$1.14,misc,Zach,,,,,,,
Aldi,12/23/2021,tax,$0.60,misc,Zach,,,,,,,
ABC Store,12/22/2021,tequila gift,$18.99,entertainment,Melanie,,,,,,,
ABC Store,12/22/2021,tax,$1.01,misc,Melanie,,,,,,,
ABC Store,12/22/2021,tax,$0.13,misc,Melanie,,,,,,,
Loft,12/30/2021,return shorts,-$19.99,entertainment,Melanie,,,,,,,
Loft,12/30/2021,tax,-$1.20,misc,Melanie,,,,,,,
Aldi,12/30/2021,brut,$4.99,alcohol,Melanie,,,,,,,
Aldi,12/30/2021,bagels,$1.39,breakfast,Melanie,,,,,,,
Aldi,12/30/2021,bagels,$1.39,breakfast,Melanie,,,,,,,
Aldi,12/30/2021,bread,$0.89,bread,Melanie,,,,,,,
Aldi,12/30/2021,goat cheese,$1.69,dairy,Melanie,,,,,,,
Aldi,12/30/2021,cheddar,$4.29,dairy,Melanie,,,,,,,
Aldi,12/30/2021,cream cheese,$0.99,dairy,Melanie,,,,,,,
Aldi,12/30/2021,marinara sauce,$0.87,condiments,Melanie,,,,,,,
Aldi,12/30/2021,salsa,$0.97,condiments,Melanie,,,,,,,
Aldi,12/30/2021,alfredo,$1.69,condiments,Melanie,,,,,,,
Aldi,12/30/2021,rotini,$0.77,pasta,Melanie,,,,,,,
Aldi,12/30/2021,parmesan,$2.19,dairy,Melanie,,,,,,,
Aldi,12/30/2021,granola,$1.99,breakfast,Melanie,,,,,,,
Aldi,12/30/2021,coffee,$3.85,breakfast,Melanie,,,,,,,
Aldi,12/30/2021,cheerios,$3.49,breakfast,Melanie,,,,,,,
Aldi,12/30/2021,tax,$0.30,misc,Melanie,,,,,,,
Aldi,12/30/2021,tax,$0.66,misc,Melanie,,,,,,,
Sheetz,12/30/2021,gas,$42.25,transportation,Melanie,,,,,,,
Curiosity Stream,12/31/2021,subscription,$19.99,entertainment,Zach,,,,,,,